-- phpMyAdmin SQL Dump
-- version 4.7.4
-- https://www.phpmyadmin.net/
--
-- Host: 127.0.0.1
-- Generation Time: Apr 06, 2018 at 08:13 PM
-- Server version: 10.1.30-MariaDB
-- PHP Version: 7.2.1

SET SQL_MODE = "NO_AUTO_VALUE_ON_ZERO";
SET AUTOCOMMIT = 0;
START TRANSACTION;
SET time_zone = "+00:00";


/*!40101 SET @OLD_CHARACTER_SET_CLIENT=@@CHARACTER_SET_CLIENT */;
/*!40101 SET @OLD_CHARACTER_SET_RESULTS=@@CHARACTER_SET_RESULTS */;
/*!40101 SET @OLD_COLLATION_CONNECTION=@@COLLATION_CONNECTION */;
/*!40101 SET NAMES utf8mb4 */;

--
-- Database: `dbforum`
--

-- --------------------------------------------------------

--
-- Table structure for table `category`
--

CREATE TABLE `category` (
  `cat_id` int(12) NOT NULL,
  `category` varchar(200) DEFAULT NULL
) ENGINE=InnoDB DEFAULT CHARSET=latin1;

--
-- Dumping data for table `category`
--

INSERT INTO `category` (`cat_id`, `category`) VALUES
(1, 'Technology'),
(6, 'Philosophy\r\n'),
(7, 'social'),
(8, 'Networking');

-- --------------------------------------------------------

--
-- Table structure for table `tblaccount`
--

CREATE TABLE `tblaccount` (
  `accnt_Id` int(11) NOT NULL,
  `username` varchar(255) DEFAULT NULL,
  `password` varchar(255) DEFAULT NULL,
  `user_Id` int(11) DEFAULT NULL
) ENGINE=InnoDB DEFAULT CHARSET=latin1;

--
-- Dumping data for table `tblaccount`
--

INSERT INTO `tblaccount` (`accnt_Id`, `username`, `password`, `user_Id`) VALUES
(10, 'root', '63a9f0ea7bb98050796b649e85481845', 15),
(11, 'admin', '21232f297a57a5a743894a0e4a801fc3', 17),
(12, 'hey', '6057f13c496ecf7fd777ceb9e79ae285', 18),
(13, 'virat', '25f9e794323b453885f5181f1b624d0b', 19);

-- --------------------------------------------------------

--
-- Table structure for table `tbladmin`
--

CREATE TABLE `tbladmin` (
  `Id` int(11) NOT NULL,
  `uname` varchar(255) DEFAULT NULL,
  `pwd` varchar(255) DEFAULT NULL
) ENGINE=InnoDB DEFAULT CHARSET=latin1;

--
-- Dumping data for table `tbladmin`
--

INSERT INTO `tbladmin` (`Id`, `uname`, `pwd`) VALUES
(1, 'admin', 'admin'),
(2, 'admin', 'admin');

-- --------------------------------------------------------

--
-- Table structure for table `tblcomment`
--

CREATE TABLE `tblcomment` (
  `comment_Id` int(11) NOT NULL,
  `comment` varchar(255) DEFAULT NULL,
  `post_Id` int(11) DEFAULT NULL,
  `datetime` datetime DEFAULT NULL,
  `user_Id` int(12) DEFAULT NULL
) ENGINE=InnoDB DEFAULT CHARSET=latin1;

--
-- Dumping data for table `tblcomment`
--

INSERT INTO `tblcomment` (`comment_Id`, `comment`, `post_Id`, `datetime`, `user_Id`) VALUES
(249, 'It depends on your field, And for every field there’re a lot of good choices.\n\nPython or Ruby\nIf you want to learn a good general-purpose language that works in different fields now. You may pick Python or Ruby, They’re widely used in many application', 28, '2018-04-05 02:32:12', 17),
(250, 'Thank you Admin', 28, '2018-04-05 02:33:10', 15),
(251, 'First of all, knowing the language doesn’t make you valuable, solving problems does', 29, '2018-04-05 02:35:30', 17),
(252, 'ty admin', 29, '2018-04-05 02:35:49', 19),
(253, 'Happy to help', 29, '2018-04-05 02:36:04', 17),
(256, 'No one cares.\n\n', 32, '2018-04-05 02:44:04', 17),
(257, 'girls and fashion', 36, '2018-04-05 02:50:50', 17),
(258, 'Never share your aims and goals with others.\n', 37, '2018-04-05 02:52:31', 17),
(259, 'Parents’ love is the greatest love.', 38, '2018-04-05 02:55:58', 17),
(260, 'yes both', 39, '2018-04-05 02:57:23', 17),
(261, 'ty admin', 28, '2018-04-05 06:53:23', 15);

-- --------------------------------------------------------

--
-- Table structure for table `tblpost`
--

CREATE TABLE `tblpost` (
  `post_Id` int(11) NOT NULL,
  `title` varchar(255) DEFAULT NULL,
  `content` text,
  `datetime` datetime DEFAULT NULL,
  `cat_id` int(12) DEFAULT NULL,
  `user_Id` int(12) DEFAULT NULL
) ENGINE=InnoDB DEFAULT CHARSET=latin1;

--
-- Dumping data for table `tblpost`
--

INSERT INTO `tblpost` (`post_Id`, `title`, `content`, `datetime`, `cat_id`, `user_Id`) VALUES
(28, 'What is the best programming language?', '             What is the best programming language to learn in 2018?           ', '2018-04-05 02:31:19', 1, 15),
(29, ' highest paying programming languages', '                        What are the highest paying programming languages?', '2018-04-05 02:34:49', 1, 19),
(32, 'What are the lessons you have learned in the corporate world?', '                 What are the biggest lessons you have learned in the corporate world?       ', '2018-04-05 02:43:40', 6, 19),
(36, 'never understand', '    What is something you will never understand?                    ', '2018-04-05 02:50:06', 6, 15),
(37, 'sharing', '  What things should I never do?                     ', '2018-04-05 02:52:06', 7, 15),
(38, 'maturity', '          What is maturity? How can the maturity of a person be defined?              ', '2018-04-05 02:55:01', 7, 15),
(39, 'ethernet ', '           Is an ethernet cable digital or analogue?             ', '2018-04-05 02:56:45', 8, 15),
(44, 'testing', '       testing                 ', '2018-04-05 07:09:09', 1, 15),
(45, 'post', 'post\r\n                        ', '2018-04-05 09:48:25', 1, 0),
(46, 'add', '\r\n            add            ', '2018-04-05 09:49:00', 6, 17);

-- --------------------------------------------------------

--
-- Table structure for table `tbluser`
--

CREATE TABLE `tbluser` (
  `user_Id` int(11) NOT NULL,
  `fname` varchar(255) DEFAULT NULL,
  `lname` varchar(255) DEFAULT NULL,
  `gender` varchar(255) DEFAULT NULL
) ENGINE=InnoDB DEFAULT CHARSET=latin1;

--
-- Dumping data for table `tbluser`
--

INSERT INTO `tbluser` (`user_Id`, `fname`, `lname`, `gender`) VALUES
(13, 'mcdo', 'mcdo', 'Male'),
(14, 'mar', 'mar', 'Female'),
(15, 'akshay', 'gavai', 'Male'),
(16, 'akshay', 'gavai', 'Male'),
(17, 'admin', 'admin', 'Male'),
(18, 'jay', 'lll', 'Male'),
(19, 'virat', 'sharma', 'Male');

--
-- Indexes for dumped tables
--

--
-- Indexes for table `category`
--
ALTER TABLE `category`
  ADD PRIMARY KEY (`cat_id`);

--
-- Indexes for table `tblaccount`
--
ALTER TABLE `tblaccount`
  ADD PRIMARY KEY (`accnt_Id`),
  ADD KEY `user_Id` (`user_Id`);

--
-- Indexes for table `tbladmin`
--
ALTER TABLE `tbladmin`
  ADD PRIMARY KEY (`Id`);

--
-- Indexes for table `tblcomment`
--
ALTER TABLE `tblcomment`
  ADD PRIMARY KEY (`comment_Id`),
  ADD KEY `user_Id` (`user_Id`),
  ADD KEY `post_Id` (`post_Id`),
  ADD KEY `user_Id_2` (`user_Id`);

--
-- Indexes for table `tblpost`
--
ALTER TABLE `tblpost`
  ADD PRIMARY KEY (`post_Id`),
  ADD KEY `cat_id` (`cat_id`),
  ADD KEY `user_Id` (`user_Id`);

--
-- Indexes for table `tbluser`
--
ALTER TABLE `tbluser`
  ADD PRIMARY KEY (`user_Id`);

--
-- AUTO_INCREMENT for dumped tables
--

--
-- AUTO_INCREMENT for table `category`
--
ALTER TABLE `category`
  MODIFY `cat_id` int(12) NOT NULL AUTO_INCREMENT, AUTO_INCREMENT=9;

--
-- AUTO_INCREMENT for table `tblaccount`
--
ALTER TABLE `tblaccount`
  MODIFY `accnt_Id` int(11) NOT NULL AUTO_INCREMENT, AUTO_INCREMENT=14;

--
-- AUTO_INCREMENT for table `tbladmin`
--
ALTER TABLE `tbladmin`
  MODIFY `Id` int(11) NOT NULL AUTO_INCREMENT, AUTO_INCREMENT=3;

--
-- AUTO_INCREMENT for table `tblcomment`
--
ALTER TABLE `tblcomment`
  MODIFY `comment_Id` int(11) NOT NULL AUTO_INCREMENT, AUTO_INCREMENT=262;

--
-- AUTO_INCREMENT for table `tblpost`
--
ALTER TABLE `tblpost`
  MODIFY `post_Id` int(11) NOT NULL AUTO_INCREMENT, AUTO_INCREMENT=47;

--
-- AUTO_INCREMENT for table `tbluser`
--
ALTER TABLE `tbluser`
  MODIFY `user_Id` int(11) NOT NULL AUTO_INCREMENT, AUTO_INCREMENT=20;

--
-- Constraints for dumped tables
--

--
-- Constraints for table `tblaccount`
--
ALTER TABLE `tblaccount`
  ADD CONSTRAINT `tblaccount_ibfk_1` FOREIGN KEY (`user_Id`) REFERENCES `tbluser` (`user_Id`) ON DELETE CASCADE ON UPDATE CASCADE;

--
-- Constraints for table `tblcomment`
--
ALTER TABLE `tblcomment`
  ADD CONSTRAINT `tblcomment_ibfk_1` FOREIGN KEY (`user_Id`) REFERENCES `tbluser` (`user_Id`) ON DELETE CASCADE ON UPDATE CASCADE,
  ADD CONSTRAINT `tblcomment_ibfk_2` FOREIGN KEY (`post_Id`) REFERENCES `tblpost` (`post_Id`) ON DELETE CASCADE ON UPDATE CASCADE;

--
-- Constraints for table `tblpost`
--
ALTER TABLE `tblpost`
  ADD CONSTRAINT `tblpost_ibfk_1` FOREIGN KEY (`cat_id`) REFERENCES `category` (`cat_id`) ON DELETE CASCADE ON UPDATE CASCADE;
COMMIT;

/*!40101 SET CHARACTER_SET_CLIENT=@OLD_CHARACTER_SET_CLIENT */;
/*!40101 SET CHARACTER_SET_RESULTS=@OLD_CHARACTER_SET_RESULTS */;
/*!40101 SET COLLATION_CONNECTION=@OLD_COLLATION_CONNECTION */;
